{"mean":{"confidence_interval":{"confidence_level":0.95,"lower_bound":34276823.21058201,"upper_bound":34798394.952962965},"point_estimate":34503745.98899471,"standard_error":135397.10593638872},"median":{"confidence_interval":{"confidence_level":0.95,"lower_bound":34188718.23809524,"upper_bound":34740311.45},"point_estimate":34335394.58333333,"standard_error":139069.10765853882},"median_abs_dev":{"confidence_interval":{"confidence_level":0.95,"lower_bound":65238.62699733677,"upper_bound":608470.349123054},"point_estimate":239378.86205017936,"standard_error":140919.9137047667},"slope":{"confidence_interval":{"confidence_level":0.95,"lower_bound":34300261.75396936,"upper_bound":34809971.38333363},"point_estimate":34532803.52727272,"standard_error":128842.776745088},"std_dev":{"confidence_interval":{"confidence_level":0.95,"lower_bound":150112.77517430557,"upper_bound":638919.4842239076},"point_estimate":450392.92958172294,"standard_error":141508.55019375318}}