{"mean":{"confidence_interval":{"confidence_level":0.95,"lower_bound":108922343.31291667,"upper_bound":109773779.25092113},"point_estimate":109279895.89410715,"standard_error":223342.5880295127},"median":{"confidence_interval":{"confidence_level":0.95,"lower_bound":108773748.16666666,"upper_bound":109433680.91666667},"point_estimate":109167531.03125,"standard_error":181990.94070674886},"median_abs_dev":{"confidence_interval":{"confidence_level":0.95,"lower_bound":105093.89792421128,"upper_bound":819345.9644787197},"point_estimate":434052.315675281,"standard_error":173851.28074270996},"slope":{"confidence_interval":{"confidence_level":0.95,"lower_bound":108903933.61750221,"upper_bound":110499795.61571531},"point_estimate":109645653.37272727,"standard_error":450382.0857557188},"std_dev":{"confidence_interval":{"confidence_level":0.95,"lower_bound":235086.5337607834,"upper_bound":1100960.690352307},"point_estimate":745033.6417370138,"standard_error":275691.663477692}}