{"mean":{"confidence_interval":{"confidence_level":0.95,"lower_bound":76285695.71011111,"upper_bound":76814388.26736903},"point_estimate":76544937.50568785,"standard_error":134755.93575722518},"median":{"confidence_interval":{"confidence_level":0.95,"lower_bound":76240433.8888889,"upper_bound":76787471.38095239},"point_estimate":76569627.0,"standard_error":127214.02728972341},"median_abs_dev":{"confidence_interval":{"confidence_level":0.95,"lower_bound":78310.48582971538,"upper_bound":757502.2041183145},"point_estimate":358754.16818640317,"standard_error":169468.75275313048},"slope":{"confidence_interval":{"confidence_level":0.95,"lower_bound":76545061.73758866,"upper_bound":77050931.85518153},"point_estimate":76775330.67619048,"standard_error":131791.20826139246},"std_dev":{"confidence_interval":{"confidence_level":0.95,"lower_bound":192065.26304002665,"upper_bound":610279.8233227351},"point_estimate":449686.28747898695,"standard_error":108124.78704449393}}