{"mean":{"confidence_interval":{"confidence_level":0.95,"lower_bound":23864958.344940476,"upper_bound":24152565.298541665},"point_estimate":23991942.66865079,"standard_error":74675.48498635837},"median":{"confidence_interval":{"confidence_level":0.95,"lower_bound":23841497.16964286,"upper_bound":24112002.465625},"point_estimate":23932811.190625,"standard_error":64535.27424920479},"median_abs_dev":{"confidence_interval":{"confidence_level":0.95,"lower_bound":10614.31158343422,"upper_bound":358899.75389012846},"point_estimate":115354.88034141879,"standard_error":82437.42274358518},"slope":{"confidence_interval":{"confidence_level":0.95,"lower_bound":23892610.297698002,"upper_bound":24347685.505886428},"point_estimate":24104395.719155844,"standard_error":121721.0832052482},"std_dev":{"confidence_interval":{"confidence_level":0.95,"lower_bound":70182.42407476556,"upper_bound":346832.68733755685},"point_estimate":249372.1495739136,"standard_error":76512.56832382314}}