{"mean":{"confidence_interval":{"confidence_level":0.95,"lower_bound":34007250.36151702,"upper_bound":34449222.573048115},"point_estimate":34174348.39103835,"standard_error":124102.99354413869},"median":{"confidence_interval":{"confidence_level":0.95,"lower_bound":34004052.69444445,"upper_bound":34154822.97916667},"point_estimate":34041823.85565476,"standard_error":46181.39265961356},"median_abs_dev":{"confidence_interval":{"confidence_level":0.95,"lower_bound":13006.851285058952,"upper_bound":224882.2157200389},"point_estimate":56321.39781607098,"standard_error":61972.14997883387},"slope":{"confidence_interval":{"confidence_level":0.95,"lower_bound":34022207.86552138,"upper_bound":34387094.422533885},"point_estimate":34132890.00865801,"standard_error":98838.40766404872},"std_dev":{"confidence_interval":{"confidence_level":0.95,"lower_bound":43646.38896896292,"upper_bound":632613.7214079747},"point_estimate":412452.58832675376,"standard_error":197444.3415567123}}