{"mean":{"confidence_interval":{"confidence_level":0.95,"lower_bound":18864097.243010417,"upper_bound":19534373.238009825},"point_estimate":19116718.30511508,"standard_error":189365.55800660927},"median":{"confidence_interval":{"confidence_level":0.95,"lower_bound":18832002.543333337,"upper_bound":19086628.24375},"point_estimate":18879736.416666664,"standard_error":80103.89122421849},"median_abs_dev":{"confidence_interval":{"confidence_level":0.95,"lower_bound":11243.232654390473,"upper_bound":315541.5300080202},"point_estimate":127647.5643713018,"standard_error":91219.53969753195},"slope":{"confidence_interval":{"confidence_level":0.95,"lower_bound":18841824.546895135,"upper_bound":19806746.57320442},"point_estimate":19170922.24805195,"standard_error":263262.2061457691},"std_dev":{"confidence_interval":{"confidence_level":0.95,"lower_bound":68115.54410334385,"upper_bound":966314.2231309288},"point_estimate":630948.6441180619,"standard_error":303607.95531023224}}