{"mean":{"confidence_interval":{"confidence_level":0.95,"lower_bound":23500787.078652777,"upper_bound":23806210.41125},"point_estimate":23615680.53107639,"standard_error":86217.94666998064},"median":{"confidence_interval":{"confidence_level":0.95,"lower_bound":23479534.25,"upper_bound":23594505.9234375},"point_estimate":23527093.90625,"standard_error":34293.78395421873},"median_abs_dev":{"confidence_interval":{"confidence_level":0.95,"lower_bound":5377.477619111567,"upper_bound":136211.85562800211},"point_estimate":80347.46699854732,"standard_error":38551.07100984262},"slope":{"confidence_interval":{"confidence_level":0.95,"lower_bound":23483043.580637563,"upper_bound":23637572.8407976},"point_estimate":23539257.666233767,"standard_error":40003.4578681674},"std_dev":{"confidence_interval":{"confidence_level":0.95,"lower_bound":39476.53925357304,"upper_bound":441573.57346826984},"point_estimate":287603.13624873786,"standard_error":139293.6122314364}}